Time,Thrust
0,0
0.01,13.34858886
0.02,12.96720061
0.03,75.51487414
0.04,211.6704805
0.05,420.2898551
0.06,577.8032037
0.07,612.890923
0.08,577.0404272
0.09,487.0327994
0.1,376.8115942
0.11,284.5156369
0.12,301.6781083
0.13,355.8352403
0.14,412.66209
0.15,327.6125095
0.16,327.9938978
0.17,350.877193
0.18,401.9832189
0.19,427.9176201
0.2,360.7932876
0.21,409.2295957
0.22,384.057971
0.23,387.8718535
0.24,377.5743707
0.25,347.0633105
0.26,373.7604882
0.27,367.6582761
0.28,383.2951945
0.29,371.0907704
0.3,340.5797101
0.31,371.0907704
0.32,369.9466056
0.33,384.057971
0.34,376.0488177
0.35,354.6910755
0.36,385.583524
0.37,361.5560641
0.38,380.6254767
0.39,371.8535469
0.4,354.3096873
0.41,377.1929825
0.42,353.1655225
0.43,366.1327231
0.44,357.3607933
0.45,349.7330282
0.46,367.6582761
0.47,357.3607933
0.48,357.7421815
0.49,350.1144165
0.5,323.4172387
0.51,360.0305111
0.52,350.1144165
0.53,361.5560641
0.54,355.0724638
0.55,348.5888635
0.56,346.3005339
0.57,353.1655225
0.58,333.3333333
0.59,364.2257818
0.6,325.7055683
0.61,359.2677346
0.62,342.1052632
0.63,347.826087
0.64,372.6163234
0.65,316.5522502
0.66,364.2257818
0.67,309.3058734
0.68,367.6582761
0.69,321.5102975
0.7,343.2494279
0.71,330.2822273
0.72,321.8916857
0.73,306.6361556
0.74,325.7055683
0.75,326.0869565
0.76,339.4355454
0.77,332.9519451
0.78,320.3661327
0.79,329.5194508
0.8,306.6361556
0.81,338.6727689
0.82,340.9610984
0.83,322.6544622
0.84,343.2494279
0.85,297.8642258
0.86,347.826087
0.87,306.6361556
0.88,337.1472159
0.89,329.5194508
0.9,303.2036613
0.91,323.798627
0.92,295.5758963
0.93,337.5286041
0.94,320.747521
0.95,303.2036613
0.96,317.3150267
0.97,302.0594966
0.98,334.4774981
0.99,321.8916857
1,325.7055683
1.01,342.8680397
1.02,313.8825324
1.03,335.6216629
1.04,301.2967201
1.05,309.3058734
1.06,324.5614035
1.07,297.8642258
1.08,304.3478261
1.09,259.3440122
1.1,291.7620137
1.11,304.3478261
1.12,280.3203661
1.13,299.0083905
1.14,268.8787185
1.15,320.747521
1.16,287.1853547
1.17,316.5522502
1.18,300.5339436
1.19,289.8550725
1.2,297.1014493
1.21,292.5247902
1.22,297.1014493
1.23,291.3806255
1.24,309.6872616
1.25,301.6781083
1.26,322.6544622
1.27,279.9389779
1.28,279.5575896
1.29,305.8733791
1.3,261.6323417
1.31,317.3150267
1.32,215.8657513
1.33,291.3806255
1.34,269.641495
1.35,260.1067887
1.36,270.4042715
1.37,221.5865751
1.38,269.641495
1.39,232.2654462
1.4,274.5995423
1.41,282.6086957
1.42,264.6834477
1.43,269.2601068
1.44,283.3714722
1.45,280.7017544
1.46,281.4645309
1.47,277.6506484
1.48,305.1106026
1.49,295.194508
1.5,260.8695652
1.51,298.6270023
1.52,303.2036613
1.53,366.8954996
1.54,349.35164
1.55,356.979405
1.56,374.1418764
1.57,323.798627
1.58,304.7292143
1.59,252.8604119
1.6,266.2090008
1.61,257.0556827
1.62,261.2509535
1.63,301.6781083
1.64,307.7803204
1.65,290.9992372
1.66,299.0083905
1.67,284.1342487
1.68,252.4790236
1.69,242.9443173
1.7,277.2692601
1.71,299.0083905
1.72,257.4370709
1.73,249.8093059
1.74,264.6834477
1.75,237.2234935
1.76,254.3859649
1.77,255.9115179
1.78,273.0739893
1.79,249.4279176
1.8,229.2143402
1.81,244.4698703
1.82,216.2471396
1.83,244.8512586
1.84,265.064836
1.85,276.8878719
1.86,232.2654462
1.87,224.2562929
1.88,270.4042715
1.89,270.4042715
1.9,227.6887872
1.91,232.2654462
1.92,243.7070938
1.93,250.5720824
1.94,218.9168574
1.95,213.5774218
1.96,249.4279176
1.97,221.2051869
1.98,230.7398932
1.99,212.4332571
2,189.5499619
2.01,183.8291381
2.02,161.7086194
2.03,168.9549962
2.04,150.64836
2.05,130.0533944
2.06,136.9183829
2.07,98.77955759
2.08,112.890923
2.09,106.4073227
2.1,99.5423341
2.11,106.0259344
2.12,79.32875667
2.13,95.34706331
2.14,88.1006865
2.15,78.56598017
2.16,96.49122807
2.17,75.8962624
2.18,92.29595728
2.19,81.23569794
2.2,72.84515637
2.21,89.62623951
2.22,64.07322654
2.23,75.13348589
2.24,64.83600305
2.25,61.02212052
2.26,80.85430969
2.27,55.68268497
2.28,68.64988558
2.29,58.35240275
2.3,54.15713196
2.31,71.70099161
2.32,50.34324943
2.33,65.98016781
2.34,56.44546148
2.35,49.58047292
2.36,65.98016781
2.37,40.8085431
2.38,53.39435545
2.39,43.09687262
2.4,38.13882532
2.41,57.20823799
2.42,35.8504958
2.43,53.39435545
2.44,42.33409611
2.45,34.70633105
2.46,51.48741419
2.47,29.74828375
2.48,47.2921434
2.49,36.23188406
2.5,32.03661327
2.51,48.43630816
2.52,24.40884821
2.53,38.90160183
2.54,26.69717773
2.55,23.26468345
2.56,40.8085431
2.57,20.59496568
2.58,38.52021358
2.59,30.12967201
2.6,24.02745995
2.61,39.28299008
2.62,15.25553013
2.63,35.46910755
2.64,25.17162471
2.65,22.12051869
2.66,37.37604882
2.67,14.11136537
2.68,29.74828375
2.69,16.39969489
2.7,13.34858886
2.71,30.12967201
2.72,10.29748284
2.73,29.3668955
2.74,20.97635393
2.75,17.9252479
2.76,33.56216629
2.77,8.390541571
2.78,26.69717773
2.79,15.25553013
2.8,14.49275362
2.81,30.12967201
2.82,6.483600305
2.83,21.73913043
2.84,8.390541571
2.85,8.390541571
2.86,25.17162471
2.87,4.195270786
2.88,21.73913043
2.89,11.4416476
2.9,9.916094584
2.91,26.69717773
2.92,3.813882532
2.93,19.06941266
2.94,4.958047292
2.95,4.958047292
2.96,22.50190694
2.97,0
2.98,15.63691838
2.99,2.669717773
3,2.669717773
3.01,18.68802441
3.02,-1.906941266
3.03,17.54385965
3.04,6.864988558
3.05,5.339435545
3.06,19.06941266
3.07,-4.195270786
3.08,12.58581236
3.09,0.381388253
3.1,-0.381388253
3.11,16.01830664
3.12,-7.246376812
3.13,11.06025934
3.14,-2.288329519
3.15,0
